Time,V1,V2,V3,V4,V5,V6,V7,V8,V9,V10,V11,V12,V13,V14,V15,V16,V17,V18,V19,V20,V21,V22,V23,V24,V25,V26,V27,V28,Amount,Class
0,-1.359807,-0.072781,2.536347,1.378155,-0.338321,0.462388,0.239599,0.098698,0.363787,0.090794,-0.551600,-0.617801,-0.991390,-0.311169,1.468177,-0.470401,0.207971,0.025791,0.403993,0.251412,-0.018307,0.277838,-0.110474,0.066928,0.128539,-0.189115,0.133558,-0.021053,149.62,0
0,1.191857,0.266151,0.166480,0.448154,0.060018,-0.082361,-0.078803,0.085102,-0.255425,-0.166974,1.612727,1.065235,0.489095,-0.143772,0.635558,0.463917,-0.114805,-0.183361,-0.145783,-0.069083,-0.225775,-0.638672,0.101288,-0.339846,0.167170,0.125895,-0.008983,0.014724,2.69,0
1,-1.358354,-1.340163,1.773209,0.379780,-0.503198,1.800499,0.791461,0.247676,-1.514654,0.207643,0.624501,0.066084,0.717293,-0.165946,2.345865,-2.890083,1.109969,-0.121359,-2.261857,0.524980,0.247998,0.771679,0.909412,-0.689281,-0.327642,-0.139097,-0.055353,-0.059752,378.66,0
1,-0.966272,-0.185226,1.792993,-0.863291,-0.010309,1.247203,0.237609,0.377436,-1.387024,-0.054952,-0.226487,0.178228,0.507757,-0.287924,-0.631418,-1.059647,-0.684093,1.965775,-1.232622,-0.208038,-0.108300,0.005274,-0.190321,-1.175575,0.647376,-0.221929,0.062723,0.061458,123.50,0
2,-1.158233,0.877737,1.548718,0.403034,-0.407193,0.095921,0.592941,-0.270533,0.817739,0.753074,-0.822843,0.538196,1.345852,-1.119670,0.175121,-0.451449,-0.237033,-0.038195,0.803487,0.408542,-0.009431,0.798278,-0.137458,0.141267,-0.206010,0.502292,0.219422,0.215153,69.99,0
2,-0.425966,0.960523,1.141109,-0.168252,0.420987,-0.029728,0.476201,0.260314,-0.568671,-0.371407,1.341262,0.359894,-0.358091,-0.137134,0.517617,0.401726,-0.058133,0.068653,-0.033194,0.084968,-0.208254,-0.559825,-0.026398,-0.371427,-0.232794,0.105915,0.253844,0.081080,3.67,0
4,1.229658,0.141004,0.045371,1.202613,0.191881,0.272708,-0.005159,0.081213,0.464960,-0.099254,-0.416267,-0.051634,-1.206921,-1.085339,0.213050,0.502292,0.219422,0.215153,0.670579,0.395051,-0.331119,0.815463,1.290743,-0.557828,0.071270,0.100026,0.125069,-0.089589,4.99,0
7,-0.644269,1.417964,1.074380,-0.492199,0.948934,0.428118,1.120631,-3.807864,0.615375,1.249376,-0.619468,0.291474,1.757964,-1.323865,0.686133,-0.076127,-1.222127,-0.358222,0.324505,-0.067794,-0.270533,0.817739,0.753074,-0.822843,0.538196,1.345852,-1.119670,0.175121,40.80,0
7,-0.894286,0.286157,-0.113192,-0.271526,2.669599,3.721818,0.370145,0.851084,-0.392048,-0.410430,-0.705117,-0.110452,-0.286254,0.074355,0.265245,-0.419968,0.014977,-0.394169,0.184746,-0.138127,0.165315,-0.496900,0.016575,0.065884,0.060165,-0.134576,-0.028602,0.032798,93.20,0
9,-0.338262,1.119593,1.044367,-0.222187,0.499361,-0.246761,0.651583,0.069539,-0.736727,-0.366846,1.017614,0.836390,1.006844,-0.443523,0.150219,0.739453,-0.540980,0.476677,0.451773,0.203711,-0.246914,-0.633753,-0.120794,-0.385050,-0.069733,0.094199,0.246219,0.083076,3.68,0
10,1.449044,1.125006,0.229475,0.287003,-0.631556,-0.359561,-0.686180,1.138950,-1.099668,0.196555,-0.451449,-0.237033,-0.038195,0.803487,0.408542,-0.009431,0.798278,-0.137458,0.141267,-0.206010,0.502292,0.219422,0.215153,0.069733,0.094199,0.246219,0.083076,0.066928,7.80,0
10,-0.966272,-0.185226,1.792993,-0.863291,-0.010309,1.247203,0.237609,0.377436,-1.387024,-0.054952,-0.226487,0.178228,0.507757,-0.287924,-0.631418,-1.059647,-0.684093,1.965775,-1.232622,-0.208038,-0.108300,0.005274,-0.190321,-1.175575,0.647376,-0.221929,0.062723,0.061458,9.99,0
11,-1.046677,-0.455774,1.017307,1.034416,0.036293,-0.069702,0.537009,0.015658,-0.493372,-0.365141,0.536761,-0.114805,-0.183361,-0.145783,-0.069083,-0.225775,-0.638672,0.101288,-0.339846,0.167170,0.125895,-0.008983,0.014724,-0.269825,-0.466842,0.320198,0.044519,-0.002592,121.50,0
12,-1.158233,0.877737,1.548718,0.403034,-0.407193,0.095921,0.592941,-0.270533,0.817739,0.753074,-0.822843,0.538196,1.345852,-1.119670,0.175121,-0.451449,-0.237033,-0.038195,0.803487,0.408542,-0.009431,0.798278,-0.137458,0.141267,-0.206010,0.502292,0.219422,0.215153,27.50,0
12,0.636800,0.027158,0.565767,-0.416586,0.009531,-0.274266,0.133526,0.294721,-0.101347,-0.313686,0.290819,-0.220062,0.187238,-0.116430,0.368949,0.252756,-0.127630,-0.283964,-0.260556,0.060822,-0.102530,-0.118925,0.133638,0.146342,-0.082663,0.023671,-0.048034,0.008471,58.80,0
13,-0.425966,0.960523,1.141109,-0.168252,0.420987,-0.029728,0.476201,0.260314,-0.568671,-0.371407,1.341262,0.359894,-0.358091,-0.137134,0.517617,0.401726,-0.058133,0.068653,-0.033194,0.084968,-0.208254,-0.559825,-0.026398,-0.371427,-0.232794,0.105915,0.253844,0.081080,15.99,0
14,-0.644269,1.417964,1.074380,-0.492199,0.948934,0.428118,1.120631,-3.807864,0.615375,1.249376,-0.619468,0.291474,1.757964,-1.323865,0.686133,-0.076127,-1.222127,-0.358222,0.324505,-0.067794,-0.270533,0.817739,0.753074,-0.822843,0.538196,1.345852,-1.119670,0.175121,12.99,0
14,1.191857,0.266151,0.166480,0.448154,0.060018,-0.082361,-0.078803,0.085102,-0.255425,-0.166974,1.612727,1.065235,0.489095,-0.143772,0.635558,0.463917,-0.114805,-0.183361,-0.145783,-0.069083,-0.225775,-0.638672,0.101288,-0.339846,0.167170,0.125895,-0.008983,0.014724,0.89,0
15,-1.046677,-0.455774,1.017307,1.034416,0.036293,-0.069702,0.537009,0.015658,-0.493372,-0.365141,0.536761,-0.114805,-0.183361,-0.145783,-0.069083,-0.225775,-0.638672,0.101288,-0.339846,0.167170,0.125895,-0.008983,0.014724,-0.269825,-0.466842,0.320198,0.044519,-0.002592,5.06,0
406,-2.312227,1.951992,-1.609851,3.997906,-0.522188,-1.426545,-2.537387,1.391657,-2.770089,-2.772272,3.202033,-2.899907,-0.595222,-4.289310,0.389724,-1.140752,-0.153826,-0.751063,0.167372,0.050144,-0.443587,0.002392,-0.617866,0.106040,0.149309,-0.059667,-0.132342,-0.028845,529.00,1
